GenreId,Genre_Name,Customers_Num,Total_Cost
1,Rock,835,826.650000000006
7,Latin,386,382.140000000002
3,Metal,264,261.360000000001
4,Alternative & Punk,244,241.560000000001
19,TV Shows,47,93.5299999999999
2,Jazz,80,79.2
6,Blues,61,60.39
21,Drama,29,57.71
14,R&B/Soul,41,40.59
24,Classical,41,40.59
